1,302459.179 302460.370 302461.565 302462.804 302464.025 302465.110 302466.244 302467.285 302468.305 302469.325 302470.382 302471.354 302472.422 302473.369 302474.189 302475.191 302475.946 302476.721 302477.523 302478.316 302479.141 302479.954 302480.824 302481.576 302482.404 302483.119 302483.971 302484.627 302485.392 302486.121 302486.888 302487.724 302488.634 302489.472 302490.258 302491.078 302491.838 302492.678 302493.382 302494.195 302495.010 302495.884 302496.663 302497.436 ,4123709.065 4123711.223 4123713.421 4123715.607 4123717.791 4123719.736 4123721.738 4123723.586 4123725.480 4123727.338 4123729.305 4123730.956 4123732.839 4123734.625 4123736.161 4123737.867 4123739.286 4123740.709 4123742.093 4123743.590 4123745.087 4123746.479 4123748.068 4123749.409 4123750.923 4123752.187 4123753.715 4123754.990 4123756.302 4123757.686 4123759.119 4123760.601 4123762.277 4123763.698 4123765.077 4123766.544 4123767.951 4123769.454 4123770.720 4123772.209 4123773.680 4123775.174 4123776.548 4123777.851 ,  
2,302498.924 302499.383 302499.986 302500.506 302501.048 302501.566 302502.154 302502.737 302503.155 302503.684 302504.230 302504.877 302505.546 302506.085 302506.663 302507.291 302507.991 302508.546 ,4123780.512 4123781.347 4123782.440 4123783.384 4123784.375 4123785.316 4123786.324 4123787.417 4123788.226 4123789.200 4123790.229 4123791.377 4123792.527 4123793.559 4123794.598 4123795.732 4123796.984 4123798.016 , 
3,302509.617 302509.930 302510.264 302510.616 302510.950 302511.319 302511.684 302512.075 302512.453 302512.845 302513.214 302513.570 302513.968 302514.322 302514.674 302515.044 302515.367 302515.670 302515.997 302516.287 302516.597 302516.851 302517.124 302517.428 302517.777 302518.087 302518.456 302518.826 302519.172 302519.472 302519.782 302520.052 302520.369 302520.705 302521.009 302521.318 302521.648 302521.978 ,4123799.965 4123800.514 4123801.147 4123801.762 4123802.417 4123803.090 4123803.749 4123804.448 4123805.139 4123805.838 4123806.506 4123807.161 4123807.869 4123808.511 4123809.144 4123809.823 4123810.403 4123810.946 4123811.529 4123812.050 4123812.611 4123813.069 4123813.567 4123814.127 4123814.754 4123815.324 4123815.981 4123816.610 4123817.243 4123817.797 4123818.368 4123818.882 4123819.466 4123820.099 4123820.653 4123821.213 4123821.820 4123822.413 , 
4,302523.295 302523.800 302524.308 302524.864 302525.361 302525.747 302526.185 302526.567 302527.031 302527.539 302528.088 302528.592 302529.052 302529.468 302529.891 302530.247 302530.684 302531.105 302531.512 302531.938 302532.376 302532.880 302533.385 302533.845 302534.364 302534.883 302535.388 ,4123824.706 4123825.634 4123826.529 4123827.520 4123828.406 4123829.115 4123829.898 4123830.591 4123831.404 4123832.331 4123833.284 4123834.197 4123835.006 4123835.733 4123836.512 4123837.179 4123837.958 4123838.735 4123839.453 4123840.221 4123840.985 4123841.927 4123842.877 4123843.634 4123844.583 4123845.488 4123846.393 , 
5,302536.701 302537.235 302537.725 302538.237 302538.719 302539.231 302539.706 302540.127 302540.572 302541.152 302541.668 302542.165 302542.664 302543.230 302543.868 302544.387 302544.871 302545.368 302545.813 302546.221 302546.659 302547.117 302547.599 302548.067 302548.467 302548.846 ,4123848.779 4123849.699 4123850.641 4123851.568 4123852.421 4123853.356 4123854.185 4123854.944 4123855.758 4123856.798 4123857.724 4123858.629 4123859.517 4123860.562 4123861.689 4123862.644 4123863.512 4123864.380 4123865.145 4123865.849 4123866.621 4123867.424 4123868.218 4123869.004 4123869.664 4123870.303 , 
6,4123871.642 4123872.265 4123872.988 4123873.611 4123874.238 4123874.839 4123875.429 4123876.008 4123876.631 4123877.276 4123877.855 4123878.389 4123878.983 4123879.498 4123880.003 4123880.529 4123880.960 4123881.397 4123881.935 4123882.436 4123883.056 4123883.656 4123884.287 4123884.907 4123885.452 4123885.993 4123886.583 4123887.125 4123887.651 4123888.152 ,4123871.642 4123872.265 4123872.988 4123873.611 4123874.238 4123874.839 4123875.429 4123876.008 4123876.631 4123877.276 4123877.855 4123878.389 4123878.983 4123879.498 4123880.003 4123880.529 4123880.960 4123881.397 4123881.935 4123882.436 4123883.056 4123883.656 4123884.287 4123884.907 4123885.452 4123885.993 4123886.583 4123887.125 4123887.651 4123888.152 , 
7,302559.718 302560.171 302560.553 302560.935 302561.332 302561.695 302562.062 302562.433 302562.789 302563.207 302563.587 302563.961 302564.391 302564.717 302565.055 302565.341 302565.687 302566.040 302566.414 302566.774 302567.082 302567.438 302567.772 302568.124 302568.510 302568.851 302569.277 302569.656 302570.068 302570.409 302570.762 302571.066 302571.441 302571.793 302572.189 302572.494 302572.832 302573.140 302573.437 302573.707 302574.031 302574.345 302574.615 302574.924 302575.288 302575.658 302575.995 302576.350 302576.699 302577.035 302577.413 302577.744 302578.075 302578.423 302578.726 302579.047 302579.398 302579.778 302580.134 302580.479 302580.805 302581.184 302581.532 302582.007 302582.393 ,4123889.721 4123890.560 4123891.231 4123891.940 4123892.637 4123893.297 4123893.961 4123894.659 4123895.304 4123896.064 4123896.766 4123897.445 4123898.239 4123898.829 4123899.432 4123899.947 4123900.572 4123901.208 4123901.861 4123902.518 4123903.089 4123903.716 4123904.336 4123904.967 4123905.671 4123906.302 4123907.122 4123907.852 4123908.612 4123909.265 4123909.918 4123910.515 4123911.224 4123911.906 4123912.668 4123913.283 4123913.949 4123914.562 4123915.135 4123915.669 4123916.297 4123916.920 4123917.459 4123918.072 4123918.792 4123919.524 4123920.186 4123920.925 4123921.651 4123922.351 4123923.122 4123923.803 4123924.513 4123925.236 4123925.879 4123926.539 4123927.277 4123928.082 4123928.835 4123929.581 4123930.274 4123931.105 4123931.877 4123932.878 4123933.761 , 
8,302583.172 302583.423 302583.648 302583.882 302584.141 302584.366 302584.600 302584.850 302585.142 302585.392 302585.651 302585.835 302586.060 302586.260 302586.477 302586.661 302586.853 302587.137 302587.337 302587.579 302587.838 302588.063 302588.322 302588.539 302588.773 302588.981 302589.223 302589.457 302589.733 302589.966 302590.208 302590.492 302590.726 302590.984 302591.151 302591.402 302591.610 302591.811 302591.986 302592.186 302592.353 302592.520 302592.712 302592.879 302593.054 302593.246 302593.447 302593.622 302593.755 302593.906 302594.081 302594.239 302594.348 302594.456 302594.590 302594.749 302594.874 302594.974 302595.074 302595.183 302595.258 302595.333 302595.458 302595.516 302595.566 302595.675 302595.750 302595.809 302595.875 302595.934 302595.975 302596.017 302596.101 302596.092 302596.159 302596.201 302596.243 302596.284 302596.309 302596.343 302596.376 302596.401 302596.426 302596.443 302596.468 302596.476 302596.493 302596.518 302596.551 302596.560 302596.585 302596.618 302596.643 302596.660 302596.685 302596.685 302596.727 302596.752 302596.760 302596.793 302596.827 302596.827 302596.852 302596.860 302596.860 302596.869 302596.877 302596.894 302596.910 302582.889 302583.172 302583.423 302583.648 302583.882 302584.141 302584.366 302584.600 302584.850 302585.142 302585.392 302585.651 302585.835 302586.060 302586.260 302586.477 302586.661 302586.853 302587.137 302587.337 302587.579 302587.838 302588.063 302588.322 302588.539 302588.773 302588.981 302589.223 302589.457 302589.733 302589.966 302590.208 302590.492 302590.726 302590.984 302591.151 302591.402 302591.610 302591.811 302591.986 302592.186 302592.353 302592.520 302592.712 302592.879 302593.054 302593.246 302593.447 302593.622 302593.755 302593.906 302594.081 302594.239 302594.348 302594.456 302594.590 302594.749 302594.874 302594.974 302595.074 302595.183 302595.258 302595.333 302595.458 302595.516 302595.566 302595.675 302595.750 302595.809 302595.875 302595.934 302595.975 302596.017 302596.101 302596.092 302596.159 302596.201 302596.243 302596.284 302596.309 302596.343 302596.376 302596.401 302596.426 302596.443 302596.468 302596.476 302596.493 302596.518 302596.551 302596.560 302596.585 302596.618 302596.643 302596.660 302596.685 302596.685 302596.727 302596.752 302596.760 302596.793 302596.827 302596.827 302596.852 302596.860 302596.860 302596.869 302596.877 302596.894 ,4123935.515 4123936.082 4123936.625 4123937.167 4123937.718 4123938.319 4123938.878 4123939.463 4123940.155 4123940.765 4123941.332 4123941.850 4123942.392 4123942.926 4123943.469 4123943.995 4123944.437 4123945.171 4123945.722 4123946.290 4123946.899 4123947.508 4123948.159 4123948.735 4123949.370 4123949.962 4123950.621 4123951.272 4123952.015 4123952.700 4123953.426 4123954.277 4123954.978 4123955.679 4123956.322 4123957.015 4123957.799 4123958.400 4123959.026 4123959.669 4123960.270 4123960.820 4123961.455 4123961.997 4123962.632 4123963.283 4123963.959 4123964.560 4123965.110 4123965.678 4123966.312 4123966.863 4123967.464 4123968.040 4123968.607 4123969.275 4123969.909 4123970.527 4123971.153 4123971.821 4123972.297 4123972.856 4123973.482 4123974.007 4123974.608 4123975.251 4123975.902 4123976.495 4123977.154 4123977.755 4123978.289 4123978.898 4123979.533 4123980.092 4123980.593 4123981.227 4123981.736 4123982.312 4123982.888 4123983.339 4123983.806 4123984.332 4123984.799 4123985.266 4123985.701 4123986.093 4123986.543 4123986.977 4123987.403 4123987.896 4123988.413 4123988.897 4123989.331 4123989.882 4123990.383 4123990.800 4123991.284 4123991.735 4123992.211 4123992.670 4123993.179 4123993.546 4123993.972 4123994.397 4123994.856 4123995.340 4123995.766 4123996.200 4123996.601 4123934.864 4123935.515 4123936.082 4123936.625 4123937.167 4123937.718 4123938.319 4123938.878 4123939.463 4123940.155 4123940.765 4123941.332 4123941.850 4123942.392 4123942.926 4123943.469 4123943.995 4123944.437 4123945.171 4123945.722 4123946.290 4123946.899 4123947.508 4123948.159 4123948.735 4123949.370 4123949.962 4123950.621 4123951.272 4123952.015 4123952.700 4123953.426 4123954.277 4123954.978 4123955.679 4123956.322 4123957.015 4123957.799 4123958.400 4123959.026 4123959.669 4123960.270 4123960.820 4123961.455 4123961.997 4123962.632 4123963.283 4123963.959 4123964.560 4123965.110 4123965.678 4123966.312 4123966.863 4123967.464 4123968.040 4123968.607 4123969.275 4123969.909 4123970.527 4123971.153 4123971.821 4123972.297 4123972.856 4123973.482 4123974.007 4123974.608 4123975.251 4123975.902 4123976.495 4123977.154 4123977.755 4123978.289 4123978.898 4123979.533 4123980.092 4123980.593 4123981.227 4123981.736 4123982.312 4123982.888 4123983.339 4123983.806 4123984.332 4123984.799 4123985.266 4123985.701 4123986.093 4123986.543 4123986.977 4123987.403 4123987.896 4123988.413 4123988.897 4123989.331 4123989.882 4123990.383 4123990.800 4123991.284 4123991.735 4123992.211 4123992.670 4123993.179 4123993.546 4123993.972 4123994.397 4123994.856 4123995.340 4123995.766 4123996.200 , 
9,302596.926 302596.935 302596.945 302596.953 302596.962 302596.969 302596.978 302596.990 302596.998 302597.004 302597.016 302597.025 302597.034 302597.043 302597.048 302597.060 302597.068 302597.081 302597.088 302597.096 302597.106 302597.115 302597.122 302597.131 302597.140 302597.150 302597.158 302597.169 302597.176 302597.187 302597.196 302597.201 302597.214 302597.217 302597.234 302597.243 302597.248 302597.257 302597.268 302597.275 302597.285 302597.294 302597.304 302597.315 302597.361 302597.413 ,4123997.050 4123997.385 4123997.769 4123998.168 4123998.572 4123998.927 4123999.267 4123999.686 4124000.030 4124000.452 4124000.802 4124001.189 4124001.551 4124001.907 4124002.294 4124002.698 4124003.045 4124003.455 4124003.824 4124004.190 4124004.537 4124004.903 4124005.315 4124005.694 4124006.051 4124006.446 4124006.815 4124007.180 4124007.548 4124007.959 4124008.322 4124008.679 4124009.051 4124009.407 4124009.828 4124010.182 4124010.580 4124010.939 4124011.337 4124011.716 4124012.102 4124012.504 4124012.919 4124013.437 4124013.910 4124014.383 , 
10,302597.582 302597.692 302597.822 302597.969 302598.148 302598.323 302598.516 302598.670 302598.874 302599.084 302599.266 302599.466 302599.666 302599.869 302600.069 302600.251 302600.360 302600.469 302600.500 302600.528 302600.542 302600.539 302600.539 302600.542 302600.546 302600.542 302600.546 302600.546 302600.556 302600.556 302600.553 302600.556 302600.567 302600.563 302600.560 302600.563 302600.574 302600.574 302600.570 302600.563 302600.556 302600.556 302600.553 302600.549 302600.525 302600.532 302600.528 302600.511 302600.507 302600.493 302600.483 302600.479 302600.476 302600.465 302600.451 302600.444 302600.423 302600.420 302600.416 302600.385 302600.385 302600.371 302600.388 302600.388 302600.390 ,4124015.938 4124016.741 4124017.824 4124018.921 4124020.355 4124021.845 4124023.405 4124024.835 4124026.479 4124028.123 4124029.665 4124031.232 4124032.894 4124034.517 4124036.203 4124037.714 4124038.828 4124040.157 4124041.472 4124042.614 4124043.761 4124044.900 4124045.969 4124047.091 4124048.146 4124049.243 4124050.298 4124051.399 4124052.496 4124053.646 4124054.775 4124056.012 4124057.211 4124058.417 4124059.647 4124060.860 4124062.199 4124063.584 4124065.049 4124066.539 4124068.004 4124069.469 4124071.183 4124072.933 4124074.587 4124076.441 4124078.278 4124079.891 4124081.447 4124083.126 4124084.672 4124086.495 4124088.300 4124090.214 4124091.897 4124093.741 4124094.859 4124096.180 4124097.696 4124098.985 4124100.292 4124101.635 4124102.998 4124104.120 4124104.961 , 
11,302600.364 302600.364 302600.332 302600.311 302600.269 302600.248 302600.195 302600.153 302600.111 302600.069 302600.038 302599.964 302599.901 302599.743 302599.659 302599.449 302599.028 302598.523 302598.103 302597.556 302596.799 302596.041 302595.410 302594.485 302593.307 302592.277 302591.214 302590.131 302588.554 302587.208 302585.988 302584.873 302583.843 302582.854 302581.466 302580.404 302579.268 ,4124106.973 4124107.530 4124108.193 4124108.740 4124109.455 4124109.991 4124110.685 4124111.421 4124112.326 4124113.430 4124114.324 4124115.502 4124116.774 4124117.615 4124118.488 4124119.582 4124120.550 4124121.307 4124121.938 4124122.569 4124123.368 4124124.125 4124124.672 4124125.345 4124126.060 4124126.628 4124127.027 4124127.469 4124127.869 4124128.058 4124128.121 4124128.163 4124128.163 4124128.163 4124128.142 4124128.121 4124128.121 , 
12,302577.433 302576.933 302576.373 302575.948 302575.432 302575.022 302574.520 302574.084 302573.466 302572.709 302572.109 302571.483 302570.705 302570.022 302569.438 302568.875 302568.334 302567.845 302567.366 302566.930 302566.467 302565.915 302565.410 302564.890 302564.511 302563.996 302563.507 302563.070 302562.608 302562.319 302561.877 ,4124128.058 4124128.058 4124128.055 4124128.061 4124128.066 4124128.061 4124128.055 4124128.053 4124128.069 4124128.053 4124128.053 4124128.063 4124128.090 4124128.126 4124128.174 4124128.216 4124128.258 4124128.305 4124128.368 4124128.421 4124128.463 4124128.510 4124128.563 4124128.600 4124128.642 4124128.684 4124128.726 4124128.773 4124128.789 4124128.810 4124128.826 , 
13,302560.407 302559.646 302558.594 302558.012 302557.418 302556.859 302556.254 302555.784 302555.404 302555.247 302555.292 302555.477 302555.784 302556.053 302556.573 302557.178 302557.894 302558.532 302559.282 302560.032 302560.883 302561.823 302562.617 302563.350 302564.078 302565.007 302565.925 302566.792 302567.780 302568.821 302569.901 302571.029 302571.983 302573.105 302573.981 302574.764 302575.827 302576.793 ,4124128.796 4124128.751 4124128.639 4124128.528 4124128.281 4124128.013 4124127.587 4124126.983 4124126.334 4124125.685 4124125.058 4124124.498 4124124.028 4124123.625 4124123.189 4124122.920 4124122.786 4124122.797 4124122.887 4124122.954 4124123.032 4124123.122 4124123.217 4124123.334 4124123.424 4124123.519 4124123.608 4124123.653 4124123.695 4124123.695 4124123.706 4124123.715 4124123.701 4124123.715 4124123.712 4124123.712 4124123.712 4124123.681 , 
14,302579.014 302580.126 302581.009 302581.861 302582.713 302583.218 302583.770 302584.369 302584.874 302585.631 302586.199 302586.830 302587.571 302588.297 302588.889 302589.740 302590.529 302591.286 302591.712 302592.233 302592.485 302592.659 302592.816 302592.927 302593.061 302593.156 302593.219 ,4124123.561 4124123.521 4124123.498 4124123.324 4124123.135 4124122.898 4124122.614 4124122.314 4124121.967 4124121.447 4124121.037 4124120.548 4124119.854 4124119.144 4124118.615 4124117.590 4124116.659 4124115.539 4124114.798 4124113.788 4124112.763 4124111.911 4124110.996 4124109.861 4124108.599 4124107.644 4124106.864 , 
15,302593.298 302593.321 302593.333 302593.345 302593.354 302593.357 302593.345 302593.345 302593.345 302593.345 302593.345 302593.357 302593.369 302593.363 302593.357 302593.351 302593.351 302593.363 302593.361 302593.366 302593.371 302593.371 302593.383 302593.379 302593.383 302593.383 302593.395 302593.401 302593.404 302593.401 302593.410 302593.419 302593.416 302593.416 302593.428 302593.428 302593.428 302593.431 302593.437 302593.437 302593.439 302593.444 302593.451 302593.448 302593.459 302593.465 302593.471 302593.476 302593.476 302593.479 302593.494 302593.515 302593.519 302593.530 302593.540 302593.540 302593.555 302593.558 302593.570 302593.581 302593.587 302593.593 302593.597 302593.610 302593.607 302593.616 302593.619 302593.619 302593.618 302593.615 302593.618 302593.618 302593.616 302593.624 302593.623 302593.623 302593.629 302593.625 302593.634 302593.638 302593.646 302593.646 302593.655 302593.655 302593.668 302593.671 302593.678 302593.689 302593.689 302593.698 302593.703 302593.709 302593.708 302593.711 302593.716 302593.721 302593.725 302593.725 302593.733 302593.736 302593.737 302593.740 302593.735 302593.750 302593.754 302593.755 302593.760 302593.758 302593.761 302593.775 302593.771 302593.775 302593.778 302593.782 302593.787 302593.787 302593.791 302593.794 302593.796 302593.801 302593.803 302593.804 302593.805 302593.808 302593.811 302593.814 302593.820 302593.820 302593.826 302593.830 302593.834 ,4124104.797 4124104.075 4124103.437 4124102.845 4124102.348 4124101.694 4124100.973 4124100.275 4124099.636 4124098.997 4124098.210 4124097.347 4124096.658 4124095.826 4124095.229 4124094.549 4124094.022 4124093.386 4124092.959 4124092.385 4124091.784 4124091.216 4124090.577 4124089.870 4124089.240 4124088.513 4124087.844 4124087.028 4124086.194 4124085.567 4124084.786 4124084.159 4124083.644 4124083.124 4124082.653 4124082.085 4124081.485 4124081.021 4124080.551 4124080.082 4124079.595 4124078.918 4124078.134 4124077.096 4124076.299 4124075.424 4124074.548 4124073.679 4124072.830 4124072.073 4124071.079 4124069.990 4124069.320 4124068.587 4124067.794 4124067.244 4124066.641 4124065.955 4124065.044 4124064.064 4124063.322 4124062.739 4124062.221 4124061.554 4124060.945 4124060.330 4124059.747 4124059.120 4124058.539 4124057.930 4124057.489 4124056.827 4124056.222 4124055.584 4124054.820 4124054.125 4124053.467 4124052.930 4124052.349 4124051.684 4124050.872 4124049.963 4124049.337 4124048.716 4124048.064 4124047.413 4124046.681 4124045.805 4124044.997 4124044.094 4124043.279 4124042.681 4124041.893 4124041.192 4124040.393 4124039.640 4124038.802 4124037.983 4124037.231 4124036.546 4124035.947 4124035.340 4124034.534 4124033.696 4124032.919 4124032.398 4124031.502 4124030.797 4124029.882 4124029.030 4124028.278 4124027.661 4124027.126 4124026.318 4124025.797 4124025.074 4124024.417 4124023.624 4124023.042 4124022.242 4124021.435 4124020.871 4124020.270 4124019.571 4124018.990 4124018.347 4124017.668 4124017.111 4124016.497 4124015.629 4124015.090 , 
16,302593.843 302593.826 302593.808 302593.775 302593.750 302593.719 302593.691 302593.670 302593.644 302593.618 302593.591 302593.558 302593.533 302593.493 302593.460 302593.422 302593.405 302593.365 302593.338 302593.311 302593.285 302593.239 302593.214 302593.186 302593.144 302593.129 ,4124012.987 4124012.076 4124011.189 4124010.269 4124009.418 4124008.609 4124007.703 4124006.861 4124005.980 4124005.241 4124004.618 4124003.655 4124002.862 4124001.681 4124000.566 4123999.439 4123998.592 4123997.563 4123996.662 4123995.832 4123994.949 4123993.993 4123992.980 4123991.845 4123990.974 4123990.248 , 
17,302593.082 302593.044 302593.009 302592.974 302592.939 302592.893 302592.841 302592.800 302592.750 302592.704 302592.652 302592.583 302592.481 302592.395 302592.311 302592.222 302592.125 302592.023 302591.910 302591.787 302591.673 302591.533 302591.394 302591.234 302591.030 302590.831 302590.615 302590.376 302590.137 302589.916 302589.687 302589.448 302589.187 302588.969 302588.755 302588.528 302588.342 302588.158 302587.883 302587.645 302587.338 302587.080 302586.816 302586.503 302586.294 302586.047 302585.814 302585.485 302585.226 302584.921 302584.657 302584.354 302584.107 302583.829 302583.565 302583.229 302582.933 302582.573 302582.319 302581.891 302581.615 302581.394 302581.118 302580.797 302580.399 302580.048 302579.834 302579.531 302579.198 302578.837 302578.489 302578.193 302577.844 302577.566 302577.248 302576.912 302576.559 302576.238 302575.892 302575.589 302575.220 302574.730 302574.422 302574.114 302573.894 302573.601 302573.175 302572.780 302572.512 302572.263 302571.877 302571.440 302571.052 302570.783 302570.450 302570.161 302569.803 302569.450 302569.070 302568.669 302568.284 302567.956 302567.657 302567.319 302566.962 302566.672 302566.324 302566.025 302565.605 302565.219 302564.864 302564.266 302563.709 302563.172 302562.692 302562.204 302561.842 302561.398 302561.023 302560.627 302560.295 302559.956 302559.590 302559.233 302558.977 302558.727 302558.321 302557.869 302557.310 302556.866 302556.495 ,4123988.565 4123987.771 4123987.004 4123986.175 4123985.470 4123984.577 4123983.766 4123982.950 4123982.228 4123981.510 4123980.581 4123979.734 4123978.655 4123977.781 4123976.946 4123976.099 4123975.339 4123974.572 4123973.724 4123972.824 4123972.139 4123971.308 4123970.433 4123969.637 4123968.794 4123967.975 4123967.082 4123966.142 4123965.268 4123964.471 4123963.663 4123962.783 4123961.874 4123961.153 4123960.447 4123959.688 4123959.064 4123958.487 4123957.611 4123956.856 4123955.878 4123955.145 4123954.389 4123953.479 4123952.892 4123952.180 4123951.489 4123950.564 4123949.846 4123949.066 4123948.378 4123947.599 4123946.955 4123946.213 4123945.549 4123944.655 4123943.895 4123943.032 4123942.413 4123941.401 4123940.744 4123940.234 4123939.578 4123938.811 4123937.869 4123937.051 4123936.538 4123935.837 4123935.091 4123934.300 4123933.541 4123932.869 4123932.141 4123931.529 4123930.867 4123930.141 4123929.392 4123928.703 4123927.995 4123927.353 4123926.574 4123925.562 4123924.918 4123924.267 4123923.805 4123923.199 4123922.306 4123921.512 4123920.962 4123920.458 4123919.675 4123918.817 4123918.041 4123917.511 4123916.862 4123916.283 4123915.586 4123914.897 4123914.171 4123913.400 4123912.656 4123912.043 4123911.467 4123910.816 4123910.143 4123909.606 4123908.948 4123908.389 4123907.606 4123906.868 4123906.215 4123905.107 4123904.064 4123903.065 4123902.158 4123901.270 4123900.610 4123899.826 4123899.136 4123898.440 4123897.845 4123897.236 4123896.586 4123895.954 4123895.498 4123895.062 4123894.356 4123893.576 4123892.598 4123891.814 4123891.194 , 
18,302555.426 302554.928 302554.430 302553.938 302553.434 302552.936 302552.460 302551.895 302551.279 302550.776 302550.238 302549.623 302549.086 302548.571 302548.089 302547.608 302547.015 302546.567 302546.008 302545.554 302545.129 302544.721 302544.234 302543.775 302543.294 ,4123889.360 4123888.555 4123887.799 4123887.072 4123886.333 4123885.656 4123884.990 4123884.223 4123883.350 4123882.634 4123881.850 4123881.000 4123880.194 4123879.444 4123878.627 4123877.787 4123876.735 4123875.952 4123875.040 4123874.279 4123873.551 4123872.852 4123871.990 4123871.240 4123870.518 , 
19,302541.760 302541.298 302540.680 302540.176 302539.625 302539.166 302538.821 302538.368 302537.794 302537.268 302536.728 302536.306 302535.798 302535.336 302534.880 302534.252 302533.698 302533.155 302532.688 302532.006 302531.424 302530.857 302530.454 ,4123868.173 4123867.336 4123866.220 4123865.305 4123864.330 4123863.495 4123862.878 4123862.076 4123861.041 4123860.092 4123859.130 4123858.356 4123857.438 4123856.600 4123855.794 4123854.662 4123853.644 4123852.615 4123851.738 4123850.503 4123849.399 4123848.369 4123847.563 , 
20,302529.368 302529.039 302528.708 302528.389 302528.056 302527.706 302527.328 302527.044 302526.674 302526.303 302525.910 302525.604 302525.185 302524.876 302524.521 302524.158 302523.798 302523.520 302523.227 302522.831 302522.507 302522.122 302521.783 302521.507 302521.185 302520.765 302520.397 302520.092 302519.740 302519.386 302518.972 302518.636 302518.314 302518.008 302517.657 302517.298 302517.001 302516.677 302516.371 302516.080 302515.819 ,4123845.523 4123844.950 4123844.346 4123843.789 4123843.195 4123842.574 4123841.897 4123841.395 4123840.741 4123840.078 4123839.380 4123838.828 4123838.089 4123837.542 4123836.909 4123836.254 4123835.618 4123835.128 4123834.606 4123833.893 4123833.333 4123832.645 4123832.049 4123831.556 4123830.980 4123830.232 4123829.574 4123829.036 4123828.401 4123827.777 4123827.035 4123826.443 4123825.873 4123825.324 4123824.699 4123824.062 4123823.527 4123822.965 4123822.408 4123821.896 4123821.430 , 
21,302515.343 302515.162 302514.975 302514.779 302514.562 302514.367 302514.118 302513.887 302513.592 302513.342 302513.112 302512.907 302512.632 302512.348 302512.075 302511.833 302511.614 302511.354 302511.048 302510.768 302510.506 302510.272 302509.991 302509.726 302509.424 302509.135 302508.842 302508.574 302508.256 302507.903 302507.659 302507.265 302506.966 302506.669 302506.277 302505.925 302505.604 302505.370 302505.050 302504.748 302504.436 302504.008 302503.676 302503.326 302503.015 302502.738 302502.471 302502.165 302501.787 302501.450 302501.171 302500.830 302500.511 302500.202 302499.855 302499.556 302499.248 302498.923 302498.601 302498.220 302497.881 302497.567 302497.174 302496.939 302496.699 302496.418 302496.125 302495.796 302495.526 302495.227 302494.993 302494.699 302494.424 302494.182 302493.921 ,4123820.600 4123820.294 4123819.949 4123819.586 4123819.207 4123818.848 4123818.395 4123817.976 4123817.447 4123817.000 4123816.583 4123816.214 4123815.714 4123815.203 4123814.713 4123814.275 4123813.882 4123813.414 4123812.860 4123812.354 4123811.888 4123811.465 4123810.951 4123810.482 4123809.930 4123809.412 4123808.887 4123808.399 4123807.825 4123807.190 4123806.754 4123806.042 4123805.503 4123804.965 4123804.259 4123803.631 4123803.048 4123802.632 4123802.075 4123801.516 4123800.953 4123800.178 4123799.579 4123798.944 4123798.382 4123797.881 4123797.400 4123796.845 4123796.165 4123795.547 4123795.047 4123794.431 4123793.855 4123793.295 4123792.670 4123792.126 4123791.570 4123790.985 4123790.401 4123789.714 4123789.097 4123788.525 4123787.824 4123787.395 4123786.962 4123786.453 4123785.923 4123785.333 4123784.838 4123784.300 4123783.876 4123783.346 4123782.850 4123782.408 4123781.937 , 
22,302493.462 302493.299 302493.135 302492.957 302492.801 302492.637 302492.467 302492.298 302492.133 302491.966 302491.831 302491.694 302491.538 302491.348 302491.210 302491.027 302490.862 302490.669 302490.501 302490.349 302490.188 302490.036 302489.853 302489.666 302489.497 302489.341 302489.187 302489.040 302488.877 302488.682 302488.499 302488.328 302488.169 302487.975 302487.827 302487.652 302487.498 302487.351 302487.184 302487.007 302486.830 302486.669 302486.530 302486.352 302486.215 302486.058 302485.881 302485.704 302485.560 302485.386 302485.241 302485.114 302484.973 302484.839 302484.738 302484.570 302484.412 302484.261 302484.117 302483.946 302483.786 302483.645 302483.477 302483.320 302483.203 302483.084 302482.932 302482.784 302482.636 302482.505 302482.345 302482.195 302482.016 302481.869 302481.710 302481.539 302481.377 302481.247 302481.081 302480.867 302480.709 302480.529 302480.370 302480.233 302480.075 302479.929 302479.779 302479.635 302479.511 302479.370 302479.191 302479.029 302478.888 302478.729 302478.565 302478.409 302478.202 302477.995 302477.810 302477.632 302477.420 302477.259 302477.053 302476.854 302476.633 302476.442 302476.261 302476.102 302475.894 302475.682 302475.474 302475.280 302475.019 302474.794 302474.579 302474.367 302474.165 302473.976 302473.826 302473.648 302473.453 302473.263 302473.055 302472.883 302472.655 302472.458 302472.265 302472.069 302471.888 302471.702 302471.541 302471.388 302471.231 302471.031 302470.882 302470.657 302470.526 302470.387 302470.239 302470.101 302469.943 302469.792 302469.586 302469.347 302469.142 302468.940 302468.740 302468.532 302468.324 302468.077 302467.858 302467.620 302467.401 302467.131 302466.916 302466.689 302466.451 302466.159 302465.950 302465.707 302465.508 302465.304 302465.096 302464.880 302464.636 302464.412 302464.175 302463.947 302463.734 302463.506 302463.320 302463.067 302462.788 302462.430 302462.178 302461.875 302461.545 302461.245 302460.994 302460.701 302460.471 302460.217 302459.918 302459.592 302459.283 302458.910 302458.698 302458.422 302458.095 302457.781 302457.389 302457.061 302456.717 302456.425 302456.191 302455.853 302455.510 302455.298 302454.926 302454.584 302454.316 302453.998 302453.672 302453.315 302452.984 302452.693 302452.357 302452.017 302451.721 302451.371 302451.016 ,4123781.106 4123780.812 4123780.514 4123780.191 4123779.915 4123779.624 4123779.323 4123779.023 4123778.736 4123778.437 4123778.202 4123777.952 4123777.683 4123777.343 4123777.097 4123776.771 4123776.485 4123776.140 4123775.839 4123775.574 4123775.286 4123775.006 4123774.684 4123774.349 4123774.047 4123773.765 4123773.484 4123773.226 4123772.925 4123772.571 4123772.247 4123771.937 4123771.656 4123771.306 4123771.034 4123770.728 4123770.446 4123770.170 4123769.872 4123769.560 4123769.241 4123768.954 4123768.704 4123768.380 4123768.119 4123767.845 4123767.533 4123767.217 4123766.947 4123766.648 4123766.381 4123766.152 4123765.901 4123765.660 4123765.480 4123765.174 4123764.889 4123764.622 4123764.362 4123764.052 4123763.770 4123763.514 4123763.206 4123762.927 4123762.724 4123762.506 4123762.235 4123761.963 4123761.693 4123761.460 4123761.181 4123760.902 4123760.584 4123760.320 4123760.023 4123759.733 4123759.435 4123759.205 4123758.886 4123758.516 4123758.232 4123757.912 4123757.620 4123757.381 4123757.094 4123756.828 4123756.558 4123756.287 4123756.065 4123755.809 4123755.489 4123755.204 4123754.933 4123754.646 4123754.354 4123754.074 4123753.708 4123753.355 4123753.015 4123752.669 4123752.314 4123752.018 4123751.642 4123751.285 4123750.905 4123750.564 4123750.237 4123749.919 4123749.530 4123749.145 4123748.769 4123748.407 4123747.947 4123747.554 4123747.172 4123746.789 4123746.430 4123746.093 4123745.814 4123745.484 4123745.148 4123744.821 4123744.449 4123744.091 4123743.696 4123743.351 4123742.994 4123742.645 4123742.305 4123741.973 4123741.687 4123741.413 4123741.132 4123740.778 4123740.504 4123740.103 4123739.864 4123739.619 4123739.351 4123739.104 4123738.807 4123738.551 4123738.173 4123737.746 4123737.370 4123737.006 4123736.654 4123736.260 4123735.884 4123735.433 4123735.062 4123734.626 4123734.231 4123733.743 4123733.364 4123732.949 4123732.529 4123732.006 4123731.626 4123731.193 4123730.848 4123730.481 4123730.105 4123729.703 4123729.261 4123728.861 4123728.427 4123728.027 4123727.633 4123727.228 4123726.886 4123726.422 4123725.918 4123725.294 4123724.834 4123724.283 4123723.698 4123723.172 4123722.704 4123722.182 4123721.771 4123721.309 4123720.762 4123720.173 4123719.615 4123718.967 4123718.573 4123718.085 4123717.480 4123716.911 4123716.208 4123715.611 4123714.983 4123714.471 4123714.028 4123713.422 4123712.803 4123712.396 4123711.764 4123711.135 4123710.641 4123710.075 4123709.454 4123708.812 4123708.212 4123707.715 4123707.084 4123706.480 4123705.954 4123705.361 4123704.764 , 
